,nosar,sar,alert_key
327,0.097557604,0.9024424,354939
719,0.17863226,0.82136774,357304
91,0.17863226,0.82136774,353065
1833,0.18108582,0.8189142,364983
1457,0.18222111,0.8177789,362203
1012,0.18222111,0.8177789,359244
1784,0.18222111,0.8177789,364672
617,0.2039913,0.7960087,356749
1104,0.2039913,0.7960087,359831
1503,0.20418799,0.795812,362701
1250,0.20561677,0.7943832,360730
959,0.20561677,0.7943832,358769
1166,0.2224952,0.7775048,360232
75,0.22794807,0.77205193,352876
1796,0.22959906,0.77040094,364699
1665,0.22979808,0.7702019,363909
1179,0.22979808,0.7702019,360278
1286,0.22979808,0.7702019,361010
838,0.22979808,0.7702019,358054
869,0.23657,0.76343,358229
1681,0.23657,0.76343,364033
469,0.2442255,0.7557745,355776
1056,0.24625671,0.7537433,359506
600,0.24865025,0.75134975,356617
395,0.24865025,0.75134975,355403
1077,0.24865025,0.75134975,359656
937,0.24865025,0.75134975,358610
1464,0.24865025,0.75134975,362225
1663,0.24865025,0.75134975,363905
1595,0.24865025,0.75134975,363328
1280,0.24865025,0.75134975,361000
1707,0.24922884,0.75077116,364193
886,0.24922884,0.75077116,358268
1247,0.24922884,0.75077116,360654
530,0.24968952,0.7503105,356183
1110,0.24968952,0.7503105,359852
1836,0.24968952,0.7503105,364994
1506,0.24968952,0.7503105,362723
308,0.2505083,0.7494917,354821
171,0.2505083,0.7494917,353861
107,0.2525795,0.7474205,353213
808,0.2525795,0.7474205,357871
165,0.2525795,0.7474205,353847
299,0.2525795,0.7474205,354804
936,0.25399137,0.74600863,358605
1753,0.2553224,0.7446776,364470
170,0.2553224,0.7446776,353860
1714,0.2553224,0.7446776,364223
1384,0.2553224,0.7446776,361617
1374,0.2553224,0.7446776,361570
1307,0.2553224,0.7446776,361141
1446,0.2553224,0.7446776,362147
1527,0.2553224,0.7446776,362869
1823,0.25593895,0.74406105,364780
682,0.26074988,0.7392501,357108
1498,0.26074988,0.7392501,362483
366,0.26074988,0.7392501,355198
1575,0.26074988,0.7392501,363155
1421,0.26074988,0.7392501,361861
1795,0.26074988,0.7392501,364698
1151,0.26074988,0.7392501,360075
242,0.26074988,0.7392501,354449
761,0.26074988,0.7392501,357510
919,0.26074988,0.7392501,358467
1052,0.26074988,0.7392501,359495
1647,0.26074988,0.7392501,363771
482,0.26074988,0.7392501,355810
1234,0.26074988,0.7392501,360598
1739,0.26074988,0.7392501,364321
153,0.26074988,0.7392501,353582
1342,0.26074988,0.7392501,361299
59,0.26074988,0.7392501,352700
987,0.26074988,0.7392501,358984
693,0.2616307,0.7383693,357221
396,0.26464796,0.73535204,355404
516,0.26464796,0.73535204,356058
372,0.2671637,0.7328363,355215
582,0.2671637,0.7328363,356429
688,0.2671637,0.7328363,357122
1158,0.2671637,0.7328363,360088
246,0.2671637,0.7328363,354465
488,0.2671637,0.7328363,355822
747,0.27239156,0.72760844,357482
1363,0.27254742,0.7274526,361463
1481,0.27254742,0.7274526,362301
283,0.27388042,0.7261196,354672
1431,0.27449417,0.7255058,361998
1197,0.27449417,0.7255058,360400
1837,0.27449417,0.7255058,364995
1262,0.27449417,0.7255058,360843
1000,0.27449417,0.7255058,359131
1680,0.27449417,0.7255058,364032
868,0.27449417,0.7255058,358228
364,0.27562577,0.72437423,355196
760,0.27562577,0.72437423,357509
916,0.27562577,0.72437423,358463
681,0.27562577,0.72437423,357107
1737,0.27562577,0.72437423,364319
1771,0.27562577,0.72437423,364612
240,0.27562577,0.72437423,354447
1645,0.27562577,0.72437423,363767
58,0.27562577,0.72437423,352699
1231,0.27562577,0.72437423,360594
481,0.27562577,0.72437423,355808
20,0.2767576,0.7232424,352342
219,0.2767576,0.7232424,354260
317,0.27737778,0.7226222,354847
683,0.27799124,0.72200876,357109
1027,0.27852356,0.72147644,359369
351,0.27992928,0.7200707,355152
1210,0.28000927,0.71999073,360556
810,0.28260207,0.7173979,357882
422,0.28494757,0.7150524,355546
1577,0.2870382,0.7129618,363158
1423,0.2870382,0.7129618,361864
624,0.28886992,0.7111301,356771
1241,0.28949147,0.7105085,360646
1700,0.28949147,0.7105085,364179
1373,0.28949147,0.7105085,361569
951,0.28949147,0.7105085,358725
599,0.28949147,0.7105085,356614
1076,0.28949147,0.7105085,359654
876,0.28949147,0.7105085,358248
1306,0.28949147,0.7105085,361140
1608,0.28949147,0.7105085,363455
1035,0.28949147,0.7105085,359385
1662,0.28949147,0.7105085,363902
993,0.29006982,0.7099302,359084
298,0.29006982,0.7099302,354801
1237,0.29076028,0.7092397,360604
1346,0.29076028,0.7092397,361308
206,0.29554486,0.70445514,354220
124,0.29556167,0.7044383,353386
202,0.2967255,0.7032745,354178
216,0.2991771,0.7008229,354254
15,0.2991771,0.7008229,352329
274,0.2991771,0.7008229,354652
517,0.2991771,0.7008229,356065
398,0.2991771,0.7008229,355413
721,0.2991771,0.7008229,357313
92,0.2991771,0.7008229,353072
1080,0.2991771,0.7008229,359668
1429,0.30089974,0.69910026,361989
1561,0.30091137,0.69908863,363129
1769,0.30091137,0.69908863,364603
259,0.30279624,0.69720376,354607
1469,0.30283403,0.69716597,362241
1679,0.30507576,0.69492424,364031
1393,0.3053375,0.6946625,361709
1086,0.30593503,0.694065,359731
287,0.30593503,0.694065,354756
521,0.30593503,0.694065,356119
891,0.30617553,0.69382447,358281
115,0.30617553,0.69382447,353241
964,0.30775994,0.69224006,358834
1800,0.30812252,0.6918775,364706
579,0.30812252,0.6918775,356422
990,0.30812252,0.6918775,358989
1154,0.30812252,0.6918775,360079
155,0.30812252,0.6918775,353587
1055,0.30812252,0.6918775,359500
370,0.30812252,0.6918775,355204
686,0.30812252,0.6918775,357116
485,0.30812252,0.6918775,355814
1579,0.30812252,0.6918775,363161
922,0.30812252,0.6918775,358472
1553,0.30823857,0.69176143,363038
94,0.30823857,0.69176143,353075
71,0.3091063,0.6908937,352870
1731,0.31441754,0.68558246,364311
489,0.31537533,0.6846247,355827
375,0.31537533,0.6846247,355222
1742,0.31537533,0.6846247,364333
1238,0.31537533,0.6846247,360609
925,0.31537533,0.6846247,358481
248,0.31537533,0.6846247,354470
690,0.31537533,0.6846247,357128
767,0.31537533,0.6846247,357527
1389,0.31570035,0.68429965,361698
131,0.31570035,0.68429965,353405
1406,0.31727564,0.68272436,361836
1019,0.31727564,0.68272436,359269
1773,0.31727564,0.68272436,364626
939,0.31727564,0.68272436,358620
1564,0.31727564,0.68272436,363136
1486,0.31727564,0.68272436,362461
403,0.31758368,0.6824163,355426
1194,0.31773865,0.68226135,360393
1569,0.31873196,0.68126804,363146
763,0.31894195,0.68105805,357519
1452,0.31995583,0.6800442,362155
1549,0.32025772,0.6797423,363032
1829,0.3203764,0.6796236,364964
1840,0.32179666,0.67820334,365001
872,0.32179666,0.67820334,358235
631,0.3238604,0.6761396,356783
999,0.32393366,0.67606634,359130
1489,0.32567352,0.6743265,362469
949,0.3263234,0.6736766,358721
26,0.32780105,0.67219895,352476
1094,0.32829392,0.6717061,359774
850,0.32829392,0.6717061,358172
541,0.32829392,0.6717061,356228
1696,0.32829392,0.6717061,364167
1548,0.3288324,0.6711676,363023
879,0.33136916,0.66863084,358253
1593,0.33366,0.66634,363320
1659,0.33366,0.66634,363896
1721,0.33373207,0.66626793,364289
1302,0.3341095,0.6658905,361129
1525,0.3341095,0.6658905,362864
1093,0.3341095,0.6658905,359771
1032,0.3341095,0.6658905,359377
1216,0.3341095,0.6658905,360567
1749,0.3341095,0.6658905,364462
458,0.3341095,0.6658905,355755
1370,0.3341095,0.6658905,361559
540,0.3341095,0.6658905,356225
1443,0.3341095,0.6658905,362136
1185,0.33457184,0.66542816,360288
39,0.3347453,0.6652547,352508
1422,0.33509165,0.66490835,361863
920,0.33509165,0.66490835,358470
1797,0.33509165,0.66490835,364702
61,0.33509165,0.66490835,352705
684,0.33509165,0.66490835,357112
1343,0.33509165,0.66490835,361302
154,0.33509165,0.66490835,353586
1499,0.33509165,0.66490835,362486
1576,0.33509165,0.66490835,363157
1235,0.33509165,0.66490835,360600
483,0.33509165,0.66490835,355812
1648,0.33509165,0.66490835,363773
1053,0.33509165,0.66490835,359498
368,0.33509165,0.66490835,355202
1740,0.33509165,0.66490835,364323
326,0.33653688,0.6634631,354938
1760,0.33704263,0.6629574,364485
1338,0.3410725,0.6589275,361294
1792,0.3410725,0.6589275,364693
1230,0.3410725,0.6589275,360593
1497,0.3410725,0.6589275,362481
1736,0.3410725,0.6589275,364318
680,0.3410725,0.6589275,357106
915,0.3410725,0.6589275,358462
239,0.3410725,0.6589275,354446
1685,0.3421119,0.6578881,364041
970,0.3421119,0.6578881,358844
1777,0.34273136,0.65726864,364639
1530,0.34273136,0.65726864,362890
1807,0.34399712,0.6560029,364724
1278,0.34399712,0.6560029,360997
1176,0.34399712,0.6560029,360269
1661,0.34399712,0.6560029,363900
1463,0.34399712,0.6560029,362223
835,0.34399712,0.6560029,358044
1356,0.34399712,0.6560029,361442
912,0.34414494,0.65585506,358457
1295,0.34414494,0.65585506,361028
755,0.34414494,0.65585506,357498
1148,0.34414494,0.65585506,360069
479,0.34414494,0.65585506,355801
874,0.34414494,0.65585506,358239
97,0.34414494,0.65585506,353083
575,0.34414494,0.65585506,356413
21,0.34414494,0.65585506,352343
678,0.34414494,0.65585506,357101
150,0.34438074,0.65561926,353571
1637,0.34595716,0.65404284,363753
908,0.34595716,0.65404284,358453
125,0.34842747,0.6515725,353388
843,0.34931183,0.6506882,358066
279,0.34931183,0.6506882,354667
1081,0.34931183,0.6506882,359673
1601,0.34931183,0.6506882,363345
1188,0.34931183,0.6506882,360293
1821,0.34931183,0.6506882,364778
1293,0.34931183,0.6506882,361024
1546,0.34931183,0.6506882,362955
608,0.34931183,0.6506882,356638
1479,0.34931183,0.6506882,362296
404,0.34931183,0.6506882,355428
280,0.34944004,0.65055996,354668
220,0.34944004,0.65055996,354261
965,0.34980273,0.65019727,358835
864,0.34980273,0.65019727,358220
157,0.34985214,0.65014786,353592
764,0.34985214,0.65014786,357521
1001,0.3503598,0.6496402,359132
1198,0.3503598,0.6496402,360401
345,0.35072738,0.6492726,355091
803,0.35260296,0.64739704,357862
1424,0.35265326,0.64734674,361865
930,0.35292417,0.64707583,358592
1214,0.35315722,0.6468428,360563
1442,0.35315722,0.6468428,362132
1300,0.35315722,0.6468428,361124
1747,0.35315722,0.6468428,364458
1522,0.35315722,0.6468428,362858
1368,0.35315722,0.6468428,361552
436,0.3536418,0.6463582,355633
172,0.3536418,0.6463582,353864
544,0.3536418,0.6463582,356246
309,0.3536418,0.6463582,354824
200,0.3536418,0.6463582,354143
1098,0.3536418,0.6463582,359782
464,0.3536418,0.6463582,355769
136,0.3536418,0.6463582,353494
1701,0.3536418,0.6463582,364182
793,0.3536418,0.6463582,357788
344,0.3536418,0.6463582,355090
647,0.3536418,0.6463582,356949
862,0.35537648,0.6446235,358214
8,0.35824835,0.64175165,352302
84,0.35824835,0.64175165,353043
1657,0.36081702,0.639183,363886
768,0.36138183,0.6386182,357567
1224,0.36192375,0.63807625,360584
1492,0.36192375,0.63807625,362473
1329,0.36192375,0.63807625,361280
1413,0.36192375,0.63807625,361849
983,0.36192375,0.63807625,358977
1570,0.36192375,0.63807625,363147
1786,0.36192375,0.63807625,364675
573,0.36192375,0.63807625,356410
1047,0.36192375,0.63807625,359483
673,0.36192375,0.63807625,357093
1639,0.36192375,0.63807625,363755
1728,0.36192375,0.63807625,364305
910,0.36192375,0.63807625,358455
1748,0.3626399,0.6373601,364460
1606,0.3626399,0.6373601,363446
1697,0.3626399,0.6373601,364169
196,0.36882353,0.6311765,354048
787,0.36882353,0.6311765,357705
1287,0.36982298,0.630177,361011
689,0.3707521,0.6292479,357124
546,0.37096596,0.62903404,356249
1100,0.37096596,0.62903404,359785
729,0.37211496,0.62788504,357327
1812,0.3760141,0.6239859,364739
1834,0.3760141,0.6239859,364986
103,0.3760203,0.6239797,353200
90,0.37661123,0.62338877,353059
1735,0.37674552,0.6232545,364316
152,0.37674552,0.6232545,353579
491,0.3791237,0.6208763,355895
849,0.3791237,0.6208763,358167
548,0.3791237,0.6208763,356300
1704,0.3791237,0.6208763,364189
804,0.3791237,0.6208763,357863
1119,0.3791237,0.6208763,359941
1245,0.3791237,0.6208763,360652
176,0.3791237,0.6208763,353870
1240,0.3791237,0.6208763,360645
1449,0.3791237,0.6208763,362152
883,0.3791237,0.6208763,358260
453,0.3791237,0.6208763,355741
1379,0.3791237,0.6208763,361580
1375,0.3791237,0.6208763,361574
1467,0.3791237,0.6208763,362230
1759,0.3791237,0.6208763,364484
312,0.3791237,0.6208763,354831
1755,0.3791237,0.6208763,364475
1528,0.3791237,0.6208763,362871
1313,0.3791237,0.6208763,361150
1547,0.3791237,0.6208763,363020
1309,0.3791237,0.6208763,361144
105,0.3791237,0.6208763,353205
295,0.3791237,0.6208763,354796
111,0.3791237,0.6208763,353231
245,0.37967473,0.62032527,354459
769,0.37967473,0.62032527,357628
156,0.37967473,0.62032527,353589
1651,0.37967473,0.62032527,363780
446,0.37980366,0.62019634,355724
592,0.38061357,0.61938643,356602
1034,0.380682,0.619318,359384
360,0.380682,0.619318,355182
834,0.380915,0.619085,358040
595,0.380915,0.619085,356608
1594,0.380915,0.619085,363322
1649,0.38194555,0.61805445,363774
1310,0.38217264,0.61782736,361145
1381,0.38273072,0.6172693,361589
957,0.38273072,0.6172693,358740
655,0.38273072,0.6172693,356966
1470,0.38273072,0.6172693,362242
1613,0.38273072,0.6172693,363476
1345,0.38309687,0.6169031,361306
237,0.38309687,0.6169031,354442
490,0.38322866,0.61677134,355884
1390,0.38643676,0.61356324,361705
1824,0.38690305,0.61309695,364788
1743,0.38809466,0.61190534,364447
1519,0.38809466,0.61190534,362851
1213,0.3891182,0.6108818,360562
1028,0.3891182,0.6108818,359370
1367,0.3891182,0.6108818,361551
716,0.39119262,0.6088074,357300
411,0.39219272,0.6078073,355519
1274,0.39227158,0.6077284,360985
890,0.39247572,0.6075243,358280
955,0.3928622,0.6071378,358734
1039,0.3928622,0.6071378,359393
1369,0.3928622,0.6071378,361556
1611,0.3928622,0.6071378,363467
457,0.3928622,0.6071378,355753
652,0.3928622,0.6071378,356959
1602,0.39381564,0.60618436,363346
495,0.39391965,0.60608035,355905
114,0.39391965,0.60608035,353236
316,0.39391965,0.60608035,354842
180,0.39391965,0.60608035,353879
553,0.39391965,0.60608035,356307
1612,0.39391965,0.60608035,363472
888,0.39391965,0.60608035,358273
1710,0.39391965,0.60608035,364196
654,0.39391965,0.60608035,356962
421,0.39496028,0.6050397,355545
1762,0.39496028,0.6050397,364493
1551,0.39496028,0.6050397,363034
1830,0.39738292,0.6026171,364976
1810,0.39851803,0.601482,364734
1652,0.39851803,0.601482,363788
1347,0.39851803,0.601482,361312
827,0.3995523,0.6004477,358026
205,0.3995523,0.6004477,354218
1589,0.3995523,0.6004477,363307
256,0.3995523,0.6004477,354603
1458,0.3995523,0.6004477,362207
1543,0.4003778,0.5996222,362947
1815,0.4003778,0.5996222,364751
1304,0.40077513,0.59922487,361136
1757,0.40244597,0.597554,364479
221,0.40271068,0.5972893,354262
1082,0.40271068,0.5972893,359674
281,0.40271068,0.5972893,354669
1600,0.40324575,0.59675425,363341
1361,0.40324575,0.59675425,361459
19,0.40324575,0.59675425,352337
277,0.40324575,0.59675425,354662
942,0.40324575,0.59675425,358624
1817,0.40324575,0.59675425,364767
730,0.40324575,0.59675425,357341
218,0.40324575,0.59675425,354258
1813,0.4059409,0.5940591,364743
554,0.41053307,0.5894669,356311
1124,0.41053307,0.5894669,359954
496,0.41053307,0.5894669,355909
1115,0.41114867,0.58885133,359858
635,0.41114867,0.58885133,356790
533,0.41114867,0.58885133,356188
37,0.41114867,0.58885133,352503
432,0.41114867,0.58885133,355565
695,0.41214973,0.5878503,357223
1314,0.41214973,0.5878503,361152
1271,0.41214973,0.5878503,360955
778,0.41271794,0.58728206,357682
123,0.41271794,0.58728206,353385
199,0.4128729,0.5871271,354061
1160,0.4156884,0.5843116,360094
766,0.4156884,0.5843116,357526
1523,0.4156884,0.5843116,362859
828,0.4178967,0.5821033,358029
99,0.4178967,0.5821033,353166
953,0.4178967,0.5821033,358731
781,0.41902727,0.58097273,357693
126,0.41902727,0.58097273,353394
29,0.41902727,0.58097273,352487
332,0.41998088,0.5800191,354950
419,0.41998088,0.5800191,355540
1695,0.4212137,0.5787863,364165
1339,0.42255634,0.57744366,361295
613,0.42476314,0.57523686,356736
1717,0.42559713,0.57440287,364253
895,0.42559713,0.57440287,358331
1288,0.4265359,0.5734641,361012
121,0.4271403,0.5728597,353376
1460,0.42747396,0.57252604,362214
1408,0.42853105,0.57146895,361839
1410,0.42866516,0.57133484,361845
148,0.42866516,0.57133484,353568
1327,0.42866516,0.57133484,361277
1835,0.42927915,0.57072085,364993
1002,0.4307412,0.5692588,359134
1433,0.4307412,0.5692588,362002
629,0.4307412,0.5692588,356779
969,0.4307412,0.5692588,358842
1395,0.4307412,0.5692588,361711
870,0.4307412,0.5692588,358232
1111,0.4307412,0.5692588,359853
1199,0.4307412,0.5692588,360402
1263,0.4307412,0.5692588,360846
1682,0.4307412,0.5692588,364035
428,0.4307412,0.5692588,355558
1508,0.4307412,0.5692588,362725
399,0.43146336,0.56853664,355417
725,0.43146336,0.56853664,357320
940,0.43146336,0.56853664,358621
1598,0.43146336,0.56853664,363338
1183,0.43146336,0.56853664,360286
184,0.43146336,0.56853664,354007
839,0.43146336,0.56853664,358059
604,0.43146336,0.56853664,356630
698,0.43569458,0.5643054,357259
1004,0.43630075,0.56369925,359141
973,0.43630075,0.56369925,358849
1037,0.44213426,0.55786574,359390
310,0.44213426,0.55786574,354826
649,0.44213426,0.55786574,356951
1311,0.44213426,0.55786574,361146
1609,0.44213426,0.55786574,363459
1450,0.44213426,0.55786574,362153
173,0.44213426,0.55786574,353865
465,0.44213426,0.55786574,355770
813,0.44213426,0.55786574,357887
1702,0.44213426,0.55786574,364184
109,0.44213426,0.55786574,353227
1243,0.44213426,0.55786574,360649
1376,0.44213426,0.55786574,361575
1632,0.4424252,0.5575748,363738
714,0.44280738,0.5571926,357295
377,0.4437588,0.5562412,355361
505,0.4437588,0.5562412,356033
1064,0.4437588,0.5562412,359625
80,0.4437588,0.5562412,353030
1404,0.44529927,0.55470073,361828
589,0.44564128,0.5543587,356599
380,0.44564128,0.5543587,355373
83,0.44564128,0.5543587,353041
207,0.44564128,0.5543587,354223
702,0.44564128,0.5543587,357275
261,0.44564128,0.5543587,354612
1067,0.44564128,0.5543587,359636
6,0.44564128,0.5543587,352298
381,0.45194066,0.54805934,355375
1020,0.45210898,0.547891,359270
1353,0.45225614,0.54774386,361433
1811,0.45236146,0.54763854,364735
1017,0.45236146,0.54763854,359263
1466,0.45236146,0.54763854,362227
1283,0.45236146,0.54763854,361003
1359,0.45236146,0.54763854,361450
1178,0.45236146,0.54763854,360273
1488,0.4539485,0.5460515,362468
1776,0.4539485,0.5460515,364633
685,0.4540516,0.5459484,357115
762,0.4540516,0.5459484,357513
1425,0.4540516,0.5459484,361866
45,0.45424533,0.5457547,352654
734,0.45424533,0.5457547,357445
1042,0.45424533,0.5457547,359467
1766,0.45424533,0.5457547,364597
438,0.45424533,0.5457547,355671
223,0.45424533,0.5457547,354401
350,0.45424533,0.5457547,355150
1558,0.45424533,0.5457547,363123
977,0.45424533,0.5457547,358956
296,0.45434767,0.54565233,354798
1534,0.45511204,0.54488796,362916
741,0.4566316,0.5433684,357466
1195,0.45736593,0.54263407,360395
1832,0.45777696,0.54222304,364978
666,0.46073717,0.53926283,357081
610,0.4619025,0.5380975,356642
407,0.4619025,0.5380975,355434
520,0.4619025,0.5380975,356075
1669,0.4619025,0.5380975,363923
1084,0.4619025,0.5380975,359680
845,0.4619025,0.5380975,358071
675,0.46279722,0.5372028,357095
477,0.46279722,0.5372028,355795
1147,0.46279722,0.5372028,360066
1641,0.46279722,0.5372028,363757
574,0.46279722,0.5372028,356411
1365,0.46291554,0.53708446,361547
1744,0.46291554,0.53708446,364452
1520,0.46291554,0.53708446,362853
1440,0.46291554,0.53708446,362127
1298,0.46291554,0.53708446,361118
1774,0.46322316,0.53677684,364628
140,0.46375626,0.53624374,353545
1358,0.46398187,0.53601813,361446
1079,0.46398187,0.53601813,359658
1282,0.46398187,0.53601813,361002
700,0.46506566,0.53493434,357262
4,0.46506566,0.53493434,352282
1785,0.46548647,0.53451353,364673
885,0.4659692,0.5340308,358265
552,0.4659692,0.5340308,356306
1706,0.4659692,0.5340308,364191
1597,0.4659692,0.5340308,363337
12,0.46823078,0.5317692,352312
177,0.46938103,0.53061897,353872
1187,0.46938103,0.53061897,360292
1330,0.46938103,0.53061897,361282
1394,0.46938103,0.53061897,361710
1482,0.46969646,0.53030354,362449
387,0.46972507,0.5302749,355384
1591,0.4697278,0.5302722,363317
16,0.46994847,0.5300515,352330
459,0.46994847,0.5300515,355756
300,0.46994847,0.5300515,354807
807,0.4707641,0.5292359,357870
1391,0.47108924,0.52891076,361706
656,0.47133166,0.52866834,356968
1711,0.47236842,0.5276316,364200
926,0.47236842,0.5276316,358482
751,0.47236842,0.5276316,357489
318,0.47236842,0.5276316,354850
1515,0.47236842,0.5276316,362823
181,0.47236842,0.5276316,353885
1125,0.47236842,0.5276316,359956
497,0.47236842,0.5276316,355911
555,0.47236842,0.5276316,356313
819,0.47236842,0.5276316,357902
98,0.47236842,0.5276316,353084
49,0.47236842,0.5276316,352680
358,0.47236842,0.5276316,355179
892,0.47236842,0.5276316,358282
657,0.47236842,0.5276316,356969
116,0.47236842,0.5276316,353243
1267,0.4726482,0.5273518,360855
301,0.47268307,0.5273169,354810
461,0.47268307,0.5273169,355759
41,0.47301847,0.52698153,352522
1006,0.47301847,0.52698153,359143
435,0.47301847,0.52698153,355570
1258,0.47363985,0.52636015,360827
776,0.47363985,0.52636015,357676
858,0.47363985,0.52636015,358207
1180,0.47363985,0.52636015,360279
1588,0.47363985,0.52636015,363304
1316,0.4743834,0.5256166,361160
556,0.4743834,0.5256166,356314
78,0.4743834,0.5256166,352886
498,0.4743834,0.5256166,355915
182,0.4743834,0.5256166,353888
319,0.4743834,0.5256166,354853
893,0.4743834,0.5256166,358298
1126,0.4743834,0.5256166,359959
1382,0.4743834,0.5256166,361592
821,0.4743834,0.5256166,357905
1712,0.4743834,0.5256166,364201
1472,0.4743834,0.5256166,362245
1430,0.4743834,0.5256166,361996
290,0.4751712,0.5248288,354780
1825,0.47971374,0.52028626,364898
947,0.47972667,0.5202733,358709
1011,0.4802128,0.5197872,359227
929,0.4808982,0.5191018,358588
507,0.48179036,0.51820964,356037
82,0.48179036,0.51820964,353033
379,0.48179036,0.51820964,355364
255,0.48179036,0.51820964,354596
587,0.48179036,0.51820964,356589
979,0.48328078,0.5167192,358968
1396,0.48446918,0.5155308,361715
1808,0.4845317,0.5154683,364728
1541,0.4845317,0.5154683,362934
623,0.48621947,0.51378053,356765
27,0.48621947,0.51378053,352480
580,0.48902065,0.51097935,356424
742,0.48902065,0.51097935,357468
486,0.48902065,0.51097935,355815
1155,0.48902065,0.51097935,360081
1770,0.48902065,0.51097935,364610
1222,0.48972452,0.5102755,360582
744,0.48993206,0.51006794,357474
130,0.49053353,0.50946647,353404
1716,0.49053353,0.50946647,364252
704,0.4915254,0.5084746,357281
809,0.49311215,0.50688785,357874
25,0.49311215,0.50688785,352472
701,0.49311215,0.50688785,357274
119,0.49612767,0.50387233,353359
852,0.49664658,0.5033534,358192
727,0.49742055,0.50257945,357322
400,0.49742055,0.50257945,355418
1097,0.49742055,0.50257945,359781
463,0.49924207,0.50075793,355762
204,0.49982888,0.5001711,354212
1209,0.4999926,0.5000074,360553
1693,0.4999926,0.5000074,364150
1296,0.4999926,0.5000074,361114
956,0.4999926,0.5000074,358736
1024,0.4999926,0.5000074,359361
1741,0.5018209,0.49817905,364332
468,0.5018209,0.49817905,355775
924,0.5018209,0.49817905,358480
780,0.5021539,0.49784616,357692
863,0.5021539,0.49784616,358216
361,0.50385034,0.49614963,355183
416,0.50386024,0.49613976,355527
1058,0.50576603,0.49423394,359536
250,0.5060816,0.49391845,354565
1162,0.5060816,0.49391845,360225
441,0.5060824,0.49391755,355677
1781,0.5077505,0.49224946,364667
1505,0.5078629,0.49213704,362717
543,0.50793165,0.49206835,356245
1550,0.50793165,0.49206835,363033
1129,0.50793165,0.49206835,360011
1292,0.50793165,0.49206835,361021
1357,0.50793165,0.49206835,361445
934,0.50955117,0.49044886,358602
1689,0.509803,0.490197,364048
456,0.51084316,0.48915687,355751
1331,0.5115982,0.48840177,361284
586,0.5135629,0.4864371,356588
749,0.5140494,0.48595062,357485
53,0.51521015,0.48478988,352686
234,0.51521015,0.48478988,354432
622,0.5158797,0.4841203,356763
860,0.5158797,0.4841203,358212
1319,0.52239764,0.47760236,361234
1556,0.52239764,0.47760236,363102
427,0.52333635,0.47666365,355557
33,0.52333635,0.47666365,352494
236,0.5268924,0.47310758,354440
386,0.52703893,0.47296107,355382
707,0.52703893,0.47296107,357286
1723,0.5278252,0.47217482,364295
1407,0.5278252,0.47217482,361837
784,0.52961314,0.4703869,357700
414,0.53083134,0.46916866,355523
525,0.53083134,0.46916866,356165
1619,0.53083134,0.46916866,363571
1671,0.53083134,0.46916866,364008
1103,0.53083134,0.46916866,359828
339,0.5327076,0.46729246,354968
429,0.5327076,0.46729246,355559
786,0.5327076,0.46729246,357702
1509,0.5327076,0.46729246,362727
1623,0.5327076,0.46729246,363588
35,0.5327076,0.46729246,352497
1683,0.5327076,0.46729246,364036
194,0.5327076,0.46729246,354045
630,0.5327076,0.46729246,356781
1264,0.5327076,0.46729246,360847
871,0.5327076,0.46729246,358233
1434,0.5327076,0.46729246,362003
132,0.5327076,0.46729246,353407
1839,0.5327076,0.46729246,364999
1112,0.5327076,0.46729246,359854
1003,0.5327076,0.46729246,359135
5,0.53359926,0.46640077,352291
646,0.5338707,0.46612927,356944
1592,0.5338707,0.46612927,363319
593,0.5338707,0.46612927,356605
653,0.5338707,0.46612927,356960
87,0.5338707,0.46612927,353051
759,0.53574693,0.4642531,357507
1045,0.5387342,0.46126583,359477
1159,0.5387342,0.46126583,360090
1459,0.53945327,0.46054676,362208
1273,0.53945327,0.46054676,360979
1787,0.53945327,0.46054676,364678
1535,0.53945327,0.46054676,362918
1013,0.53945327,0.46054676,359247
643,0.53999376,0.46000627,356924
881,0.54093444,0.45906556,358256
1029,0.54175276,0.45824724,359371
166,0.54424906,0.4557509,353848
93,0.54535073,0.45464927,353074
878,0.5475044,0.45249557,358252
1448,0.5475044,0.45249557,362151
812,0.5475044,0.45249557,357885
307,0.5475044,0.45249557,354820
1719,0.5484699,0.45153013,364278
1674,0.5490999,0.45090008,364015
336,0.5490999,0.45090008,354962
777,0.5490999,0.45090008,357677
735,0.5507488,0.44925115,357447
932,0.5507646,0.44923538,358600
524,0.5509249,0.4490751,356156
1101,0.5509249,0.4490751,359819
612,0.5509249,0.4490751,356734
861,0.55269504,0.44730493,358213
1259,0.55269504,0.44730493,360833
796,0.55284345,0.44715658,357848
1344,0.5549763,0.44502372,361303
921,0.5549763,0.44502372,358471
1799,0.5549763,0.44502372,364705
1426,0.5549763,0.44502372,361867
1578,0.5549763,0.44502372,363160
1236,0.5549763,0.44502372,360601
1500,0.5549763,0.44502372,362488
989,0.5549763,0.44502372,358988
1054,0.5549763,0.44502372,359499
1620,0.5577576,0.4422424,363580
418,0.5577576,0.4422424,355538
122,0.5577576,0.4422424,353383
859,0.5577576,0.4422424,358211
1698,0.558141,0.44185898,364172
1285,0.5582855,0.4417145,361008
147,0.5596721,0.4403279,353566
711,0.5603627,0.43963727,357291
11,0.5603627,0.43963727,352309
1364,0.56051075,0.43948922,361545
1026,0.56051075,0.43948922,359365
1439,0.56051075,0.43948922,362125
1517,0.56051075,0.43948922,362848
565,0.5609966,0.4390034,356390
901,0.5609966,0.4390034,358434
443,0.5609966,0.4390034,355679
663,0.5609966,0.4390034,357069
225,0.5609966,0.4390034,354407
1138,0.5609966,0.4390034,360043
1634,0.56100404,0.43899593,363746
1090,0.56213075,0.43786925,359762
537,0.56213075,0.43786925,356216
293,0.56213075,0.43786925,354792
450,0.56213075,0.43786925,355734
1791,0.56343675,0.43656322,364692
1559,0.5703276,0.42967242,363124
1133,0.5703276,0.42967242,360034
1767,0.5703276,0.42967242,364599
440,0.5703276,0.42967242,355673
1089,0.5704298,0.42957023,359759
449,0.5704298,0.42957023,355731
163,0.5704298,0.42957023,353835
536,0.5704298,0.42957023,356214
1805,0.5729828,0.4270172,364721
1540,0.5729828,0.4270172,362930
179,0.5741826,0.4258174,353878
1419,0.57479274,0.42520726,361859
1427,0.5757351,0.4242649,361976
1253,0.5759144,0.4240856,360810
1334,0.5769869,0.42301306,361287
984,0.5769869,0.42301306,358980
1416,0.5769869,0.42301306,361855
1049,0.5769869,0.42301306,359488
1225,0.5769869,0.42301306,360588
1572,0.5769869,0.42301306,363152
1493,0.5769869,0.42301306,362477
1177,0.57825243,0.42174757,360271
836,0.57825243,0.42174757,358046
260,0.5808485,0.41915148,354609
551,0.5821048,0.41789523,356305
494,0.5821048,0.41789523,355901
314,0.5821048,0.41789523,354836
1122,0.5821048,0.41789523,359947
113,0.5821048,0.41789523,353234
817,0.5821048,0.41789523,357893
454,0.58282316,0.4171768,355745
668,0.5853137,0.4146863,357086
149,0.58842504,0.41157493,353569
268,0.58857244,0.41142756,354628
389,0.58857244,0.41142756,355388
1536,0.58857244,0.41142756,362925
472,0.58857244,0.41142756,355789
511,0.58857244,0.41142756,356050
1071,0.58857244,0.41142756,359647
270,0.5895053,0.41049466,354630
1563,0.5900692,0.40993086,363131
802,0.5966018,0.40339822,357861
1471,0.6010457,0.3989543,362243
1192,0.6017445,0.39825553,360388
7,0.6035398,0.39646015,352301
1511,0.6037643,0.3962357,362734
875,0.6037643,0.3962357,358242
1436,0.6037643,0.3962357,362015
1398,0.6037643,0.3962357,361720
637,0.6037643,0.3962357,356795
1843,0.6037643,0.3962357,365009
1201,0.6037643,0.3962357,360409
535,0.6037643,0.3962357,356195
1688,0.6037643,0.3962357,364047
1266,0.6037643,0.3962357,360854
974,0.6037643,0.3962357,358850
1005,0.6037643,0.3962357,359142
1405,0.6039684,0.39603162,361835
904,0.6039684,0.39603162,358443
665,0.6039684,0.39603162,357079
1633,0.6039684,0.39603162,363740
1220,0.6039684,0.39603162,360577
713,0.6097288,0.39027122,357294
1552,0.61345196,0.386548,363036
1763,0.61345196,0.386548,364495
1473,0.61345196,0.386548,362246
779,0.6147214,0.38527855,357688
356,0.6150405,0.38495952,355171
1725,0.6156049,0.3843951,364302
740,0.61596715,0.38403282,357458
1502,0.61596715,0.38403282,362586
857,0.61596715,0.38403282,358206
791,0.6180581,0.3819419,357715
169,0.6194135,0.38058653,353857
1167,0.62487364,0.37512633,360233
1574,0.62487364,0.37512633,363154
1581,0.62487364,0.37512633,363168
144,0.6285156,0.37148437,353558
252,0.62998736,0.3700126,354573
393,0.630847,0.36915305,355397
997,0.63158834,0.3684117,359121
439,0.63194716,0.36805287,355672
1501,0.635126,0.364874,362490
1768,0.63679856,0.36320144,364601
142,0.6375202,0.3624798,353550
898,0.6375202,0.3624798,358430
563,0.6375202,0.3624798,356387
1487,0.6375202,0.3624798,362463
738,0.6375202,0.3624798,357456
442,0.6375202,0.3624798,355678
1136,0.6375202,0.3624798,360040
661,0.6375202,0.3624798,357067
528,0.63834894,0.36165103,356180
967,0.63834894,0.36165103,358837
424,0.63834894,0.36165103,355549
1108,0.63834894,0.36165103,359849
1622,0.63834894,0.36165103,363584
335,0.63834894,0.36165103,354959
1677,0.63834894,0.36165103,364023
866,0.63834894,0.36165103,358223
192,0.63834894,0.36165103,354040
626,0.63834894,0.36165103,356774
515,0.6427983,0.35720173,356057
837,0.6427983,0.35720173,358048
1465,0.6427983,0.35720173,362226
718,0.6427983,0.35720173,357303
273,0.6427983,0.35720173,354643
1078,0.6427983,0.35720173,359657
1260,0.6427983,0.35720173,360839
1281,0.6427983,0.35720173,361001
672,0.6446555,0.35534447,357092
1211,0.6460054,0.35399464,360558
1318,0.6461964,0.35380358,361166
68,0.6479924,0.35200763,352859
1455,0.65127504,0.348725,362175
266,0.65127504,0.348725,354622
830,0.65127504,0.348725,358033
1660,0.65127504,0.348725,363898
10,0.65127504,0.348725,352307
640,0.6520941,0.3479059,356890
1826,0.6528353,0.3471647,364926
597,0.6528353,0.3471647,356611
723,0.65312266,0.34687737,357318
1299,0.65782577,0.34217423,361123
1181,0.65885574,0.34114426,360281
720,0.6608892,0.3391108,357307
352,0.6620958,0.33790419,355155
135,0.6622098,0.3377902,353416
77,0.66321707,0.33678293,352880
258,0.6654436,0.3345564,354606
1051,0.6684506,0.33154938,359494
986,0.6684506,0.33154938,358983
1738,0.6684506,0.33154938,364320
1233,0.6684506,0.33154938,360597
918,0.6684506,0.33154938,358466
1341,0.6684506,0.33154938,361298
1420,0.6684506,0.33154938,361860
753,0.6698977,0.3301023,357493
284,0.6698977,0.3301023,354673
235,0.6698977,0.3301023,354435
1571,0.6698977,0.3301023,363149
1642,0.6698977,0.3301023,363759
1414,0.6698977,0.3301023,361851
1106,0.67192507,0.32807496,359841
526,0.67192507,0.32807496,356173
1135,0.67192507,0.32807496,360039
562,0.67192507,0.32807496,356386
1794,0.67239,0.32761,364695
55,0.67239,0.32761,352692
602,0.67239,0.32761,356628
304,0.67239,0.32761,354817
1828,0.67663395,0.32336605,364963
603,0.67773557,0.32226443,356629
1596,0.67773557,0.32226443,363336
1562,0.67956257,0.32043746,363130
1484,0.67956257,0.32043746,362451
1061,0.6806414,0.3193586,359607
1585,0.6806414,0.3193586,363284
63,0.6806414,0.3193586,352715
247,0.6806414,0.3193586,354468
765,0.6806414,0.3193586,357525
502,0.6806414,0.3193586,356016
158,0.6806414,0.3193586,353596
824,0.6806414,0.3193586,358005
409,0.6843259,0.31567413,355458
1667,0.6858648,0.31413516,363916
1362,0.6858648,0.31413516,361460
1818,0.6858648,0.31413516,364770
1544,0.6858648,0.31413516,362952
841,0.6858648,0.31413516,358063
519,0.6858648,0.31413516,356070
1476,0.6858648,0.31413516,362284
1186,0.6858648,0.31413516,360290
1291,0.6858648,0.31413516,361020
943,0.6858648,0.31413516,358625
606,0.6858648,0.31413516,356634
278,0.6858648,0.31413516,354663
402,0.6858648,0.31413516,355424
1366,0.6859503,0.31404972,361550
588,0.6863258,0.31367424,356594
1066,0.6863258,0.31367424,359633
1025,0.68976223,0.31023777,359362
946,0.68976223,0.31023777,358708
1018,0.6903989,0.30960113,359268
1504,0.6916094,0.3083906,362715
1567,0.695373,0.304627,363143
1775,0.695373,0.304627,364631
241,0.6963967,0.30360332,354448
338,0.69676507,0.3032349,354967
1172,0.6967664,0.30323365,360254
1171,0.69700444,0.30299553,360251
773,0.69712305,0.30287698,357668
1751,0.6975716,0.30242842,364467
933,0.6980245,0.30197552,358601
1016,0.6980245,0.30197552,359260
708,0.6980245,0.30197552,357287
1326,0.69922876,0.30077127,361273
28,0.69947255,0.30052745,352484
832,0.70093894,0.29906106,358036
1432,0.70093894,0.29906106,361999
340,0.70101786,0.29898214,354970
1435,0.70101786,0.29898214,362005
311,0.7012999,0.29870012,354828
38,0.7012999,0.29870012,352507
466,0.7012999,0.29870012,355772
174,0.7012999,0.29870012,353867
1182,0.7054459,0.29455414,360282
1675,0.70546377,0.29453623,364020
963,0.70546377,0.29453623,358833
224,0.7058101,0.29418987,354402
1772,0.7058101,0.29418987,364624
66,0.7077123,0.29228774,352857
1325,0.7077123,0.29228774,361270
1617,0.7112366,0.2887634,363480
17,0.7112366,0.2887634,352331
1229,0.7142287,0.2857713,360592
513,0.71809494,0.28190503,356054
271,0.71809494,0.28190503,354633
1074,0.71809494,0.28190503,359652
391,0.71809494,0.28190503,355392
88,0.71809494,0.28190503,353054
1538,0.71809494,0.28190503,362928
1803,0.71809494,0.28190503,364717
213,0.71809494,0.28190503,354239
792,0.71833694,0.28166306,357717
434,0.71833694,0.28166306,355567
134,0.71833694,0.28166306,353415
1117,0.71833694,0.28166306,359863
534,0.71833694,0.28166306,356189
343,0.71833694,0.28166306,354978
1170,0.7197608,0.28023925,360250
1780,0.719944,0.28005597,364666
1724,0.719944,0.28005597,364299
745,0.72022665,0.27977335,357475
991,0.72034353,0.27965647,358993
1727,0.7218103,0.27818972,364304
909,0.7218103,0.27818972,358454
671,0.7218103,0.27818972,357091
572,0.7218103,0.27818972,356409
1638,0.7218103,0.27818972,363754
475,0.7218103,0.27818972,355793
1145,0.7218103,0.27818972,360064
1630,0.7225677,0.27743235,363712
1514,0.7225677,0.27743235,362800
1118,0.7225677,0.27743235,359925
1437,0.7225677,0.27743235,362074
1400,0.7225677,0.27743235,361778
1268,0.7225677,0.27743235,360923
1202,0.7225677,0.27743235,360468
1690,0.7225677,0.27743235,364109
1844,0.7225677,0.27743235,365073
975,0.7225677,0.27743235,358911
547,0.7225677,0.27743235,356288
638,0.7225677,0.27743235,356859
896,0.7225677,0.27743235,358410
1007,0.7225677,0.27743235,359201
952,0.7234795,0.2765205,358726
1566,0.7256583,0.27434173,363138
226,0.7263949,0.27360508,354413
1175,0.7296809,0.27031913,360264
100,0.7325492,0.26745084,353172
48,0.7332939,0.26670608,352670
1196,0.7352349,0.26476508,360396
938,0.7352349,0.26476508,358616
137,0.73618984,0.26381013,353518
40,0.73618984,0.26381013,352520
692,0.73618984,0.26381013,357216
1401,0.7369313,0.26306865,361822
1387,0.73786163,0.26213837,361690
1207,0.73786163,0.26213837,360529
854,0.7392931,0.26070693,358195
413,0.7392931,0.26070693,355522
1789,0.74059916,0.2594008,364687
1495,0.74059916,0.2594008,362479
1733,0.74059916,0.2594008,364314
913,0.74059916,0.2594008,358458
1227,0.74059916,0.2594008,360590
1644,0.74059916,0.2594008,363764
1417,0.74059916,0.2594008,361856
1336,0.74059916,0.2594008,361291
1193,0.7421024,0.25789765,360391
1257,0.7421024,0.25789765,360825
1139,0.7421024,0.25789765,360046
1631,0.7421024,0.25789765,363730
444,0.7421024,0.25789765,355705
996,0.7421024,0.25789765,359116
1672,0.7421024,0.25789765,364011
1806,0.7434516,0.25654837,364722
1616,0.74399734,0.25600263,363479
1555,0.74399734,0.25600263,363040
118,0.74399734,0.25600263,353248
257,0.74754006,0.25245994,354604
1315,0.7482102,0.25178984,361158
243,0.7517461,0.24825388,354452
367,0.7517461,0.24825388,355201
60,0.7517461,0.24825388,352704
1441,0.7543918,0.24560818,362131
503,0.75511384,0.24488617,356017
1165,0.75511384,0.24488617,360231
1062,0.75511384,0.24488617,359608
228,0.7552559,0.2447441,354417
1351,0.7552559,0.2447441,361431
354,0.7552559,0.2447441,355166
143,0.7552559,0.2447441,353556
509,0.75750875,0.24249122,356044
1069,0.75750875,0.24249122,359639
1333,0.75912046,0.24087955,361286
756,0.75912046,0.24087955,357499
1415,0.75912046,0.24087955,361854
1684,0.760509,0.239491,364038
1485,0.7614447,0.2385553,362458
1386,0.7614447,0.2385553,361689
1664,0.7616793,0.23832074,363906
161,0.76202935,0.23797065,353831
1256,0.76202935,0.23797065,360820
212,0.7631547,0.23684533,354238
880,0.7657441,0.23425594,358254
746,0.76777256,0.23222741,357478
145,0.76777256,0.23222741,353560
710,0.76972985,0.23027015,357290
1173,0.76972985,0.23027015,360260
1352,0.77180374,0.22819625,361432
736,0.77200985,0.22799017,357448
1218,0.77200985,0.22799017,360575
659,0.77200985,0.22799017,357064
359,0.7738414,0.22615865,355181
674,0.7738414,0.22615865,357094
1146,0.7738414,0.22615865,360065
476,0.7738414,0.22615865,355794
752,0.7738414,0.22615865,357490
52,0.7738414,0.22615865,352685
233,0.7738414,0.22615865,354431
1640,0.7738414,0.22615865,363756
715,0.7749482,0.2250518,357297
598,0.7749482,0.2250518,356612
514,0.7749482,0.2250518,356055
392,0.7749482,0.2250518,355395
1075,0.7749482,0.2250518,359653
13,0.7749482,0.2250518,352316
1729,0.7760699,0.2239301,364307
1048,0.7760699,0.2239301,359487
1332,0.7760699,0.2239301,361285
676,0.7760699,0.2239301,357098
601,0.77674854,0.22325143,356624
397,0.77674854,0.22325143,355411
1820,0.7768173,0.22318265,364776
451,0.7770279,0.2229721,355737
992,0.7770362,0.2229638,358996
1239,0.7770362,0.2229638,360610
1349,0.7770362,0.2229638,361314
1057,0.7770362,0.2229638,359507
948,0.7778026,0.22219743,358717
726,0.7781788,0.22182117,357321
1750,0.7784881,0.2215119,364464
1428,0.7784881,0.2215119,361986
1191,0.7784881,0.2215119,360387
995,0.7784881,0.2215119,359113
186,0.77879924,0.22120078,354014
848,0.7805012,0.21949883,358157
712,0.78191555,0.21808445,357292
1491,0.78349,0.21650998,362472
561,0.78349,0.21650998,356384
1134,0.78349,0.21650998,360037
1412,0.78349,0.21650998,361848
1123,0.78349,0.21650998,359950
1809,0.78349,0.21650998,364729
1590,0.78349,0.21650998,363315
567,0.7835094,0.21649064,356399
229,0.7835094,0.21649064,354421
470,0.7835094,0.21649064,355780
1141,0.7835094,0.21649064,360053
471,0.7850325,0.2149675,355787
706,0.78509897,0.21490104,357285
831,0.78509897,0.21490104,358034
1189,0.78794754,0.21205248,360294
1822,0.78794754,0.21205248,364779
222,0.78794754,0.21205248,354263
1083,0.78794754,0.21205248,359675
282,0.78794754,0.21205248,354670
609,0.78794754,0.21205248,356639
405,0.78794754,0.21205248,355429
1294,0.78794754,0.21205248,361025
1480,0.78794754,0.21205248,362298
844,0.78794754,0.21205248,358067
1668,0.78794754,0.21205248,363918
944,0.78794754,0.21205248,358626
22,0.78794754,0.21205248,352344
731,0.78794754,0.21205248,357347
1584,0.7910117,0.20898834,363282
146,0.7914102,0.20858978,353561
1030,0.7914102,0.20858978,359373
1226,0.79218584,0.20781417,360589
1335,0.79218584,0.20781417,361290
1494,0.79218584,0.20781417,362478
56,0.79218584,0.20781417,352693
757,0.79218584,0.20781417,357502
329,0.7923362,0.20766379,354943
1409,0.7938629,0.2061371,361843
607,0.7947832,0.20521683,356637
1560,0.7956193,0.2043807,363128
231,0.79662,0.20337996,354428
1340,0.7966843,0.20331566,361296
917,0.7966843,0.20331566,358464
968,0.797022,0.20297801,358841
1377,0.797022,0.20297801,361576
696,0.7990283,0.2009717,357233
128,0.8045901,0.19540991,353399
1691,0.80474734,0.19525263,364135
331,0.8062965,0.19370347,354947
190,0.8062965,0.19370347,354027
980,0.8072013,0.19279866,358970
806,0.8103979,0.18960208,357869
305,0.81219625,0.18780372,354818
811,0.81219625,0.18780372,357883
1516,0.8122135,0.18778653,362824
794,0.8122135,0.18778653,357817
230,0.8136494,0.18635061,354423
1036,0.81410986,0.18589015,359389
263,0.8170482,0.1829518,354616
47,0.818104,0.18189594,352660
452,0.81855905,0.18144095,355740
1746,0.81855905,0.18144095,364455
294,0.81855905,0.18144095,354795
1694,0.81855905,0.18144095,364163
1604,0.81855905,0.18144095,363441
1251,0.82034045,0.17965953,360786
1168,0.8217711,0.1782289,360235
801,0.8219808,0.17801923,357858
945,0.8223549,0.1776451,358693
1157,0.8228314,0.17716862,360085
36,0.8234508,0.1765492,352501
198,0.8234508,0.1765492,354054
1686,0.8234508,0.1765492,364044
633,0.8234508,0.1765492,356787
873,0.8234508,0.1765492,358237
342,0.8234508,0.1765492,354973
1114,0.8234508,0.1765492,359857
133,0.8234508,0.1765492,353413
789,0.8234508,0.1765492,357709
971,0.8234508,0.1765492,358846
431,0.8234508,0.1765492,355563
532,0.8234508,0.1765492,356187
581,0.82516205,0.17483792,356426
371,0.82516205,0.17483792,355212
62,0.82516205,0.17483792,352710
851,0.8276925,0.17230752,358178
1303,0.8276925,0.17230752,361133
508,0.8293807,0.1706193,356043
703,0.8293807,0.1706193,357278
382,0.8293807,0.1706193,355376
262,0.8293807,0.1706193,354613
590,0.8293807,0.1706193,356600
1068,0.8293807,0.1706193,359638
208,0.8293807,0.1706193,354226
1050,0.8297118,0.17028818,359491
758,0.8297118,0.17028818,357506
679,0.8297118,0.17028818,357103
363,0.8297118,0.17028818,355193
1573,0.8297118,0.17028818,363153
914,0.8297118,0.17028818,358459
1734,0.8297118,0.17028818,364315
1228,0.8297118,0.17028818,360591
1337,0.8297118,0.17028818,361292
1496,0.8297118,0.17028818,362480
57,0.8297118,0.17028818,352696
1149,0.8297118,0.17028818,360072
151,0.8297118,0.17028818,353578
238,0.8297118,0.17028818,354443
480,0.8297118,0.17028818,355806
1790,0.8297118,0.17028818,364689
1418,0.8297118,0.17028818,361857
985,0.8297118,0.17028818,358981
566,0.83020794,0.16979207,356395
1720,0.83020794,0.16979207,364286
1140,0.83020794,0.16979207,360049
902,0.83020794,0.16979207,358438
353,0.83022374,0.16977626,355156
900,0.83022374,0.16977626,358432
739,0.83022374,0.16977626,357457
1322,0.83022374,0.16977626,361263
1629,0.83022374,0.16977626,363697
564,0.83022374,0.16977626,356388
1137,0.83022374,0.16977626,360041
1044,0.83022374,0.16977626,359469
1284,0.8321199,0.16788012,361006
1475,0.83328754,0.16671248,362273
275,0.83328754,0.16671248,354658
529,0.83328754,0.16671248,356182
728,0.83328754,0.16671248,357324
1184,0.83328754,0.16671248,360287
1109,0.83328754,0.16671248,359851
941,0.83328754,0.16671248,358622
129,0.83328754,0.16671248,353403
401,0.83328754,0.16671248,355420
605,0.83328754,0.16671248,356632
518,0.83328754,0.16671248,356068
1678,0.83328754,0.16671248,364030
1021,0.83328754,0.16671248,359272
785,0.83328754,0.16671248,357701
1290,0.83328754,0.16671248,361018
1599,0.83328754,0.16671248,363339
867,0.83328754,0.16671248,358227
1814,0.83328754,0.16671248,364748
217,0.83328754,0.16671248,354256
840,0.83328754,0.16671248,358061
426,0.83328754,0.16671248,355556
1666,0.83328754,0.16671248,363914
1261,0.83328754,0.16671248,360842
18,0.83328754,0.16671248,352332
95,0.83328754,0.16671248,353077
32,0.83328754,0.16671248,352493
1360,0.83328754,0.16671248,361456
628,0.83328754,0.16671248,356777
542,0.83441603,0.165584,356229
1095,0.83441603,0.165584,359775
70,0.83441603,0.165584,352866
1444,0.83441603,0.165584,362142
1060,0.83449465,0.16550535,359605
501,0.83449465,0.16550535,356014
560,0.83483076,0.16516922,356372
1131,0.83483076,0.16516922,360018
826,0.83737534,0.16262466,358008
1655,0.83737534,0.16262466,363866
1010,0.83737534,0.16262466,359223
928,0.83737534,0.16262466,358569
1532,0.83737534,0.16262466,362895
648,0.83749926,0.16250071,356950
410,0.83783746,0.16216253,355501
462,0.83881885,0.16118114,355761
1033,0.83881885,0.16118114,359382
1305,0.83881885,0.16118114,361137
1372,0.83881885,0.16118114,361566
950,0.83881885,0.16118114,358723
1445,0.83881885,0.16118114,362144
303,0.83881885,0.16118114,354814
972,0.839232,0.16076796,358847
618,0.8399894,0.1600106,356752
341,0.8407865,0.15921347,354971
636,0.8461907,0.1538093,356792
1116,0.8461907,0.1538093,359860
433,0.8461907,0.1538093,355566
1248,0.8499202,0.1500798,360655
774,0.85096574,0.14903425,357670
460,0.85096574,0.14903425,355757
188,0.85096574,0.14903425,354022
328,0.85096574,0.14903425,354942
743,0.85096574,0.14903425,357471
620,0.85096574,0.14903425,356756
962,0.8510719,0.14892812,358828
210,0.8516283,0.1483717,354234
897,0.8522655,0.14773454,358421
437,0.8522655,0.14773454,355667
658,0.8522655,0.14773454,357058
1132,0.8522655,0.14773454,360029
1625,0.8522655,0.14773454,363682
1023,0.85457015,0.14542985,359340
639,0.85457015,0.14542985,356884
522,0.85457015,0.14542985,356120
1087,0.85457015,0.14542985,359732
797,0.85495996,0.14504,357849
1203,0.85749805,0.14250198,360492
1088,0.85749805,0.14250198,359737
523,0.85749805,0.14250198,356140
288,0.8606443,0.13935573,354759
1130,0.860918,0.139082,360015
559,0.860918,0.139082,356369
1043,0.86102265,0.13897735,359468
102,0.86397165,0.13602835,353198
447,0.86397165,0.13602835,355725
1827,0.86397165,0.13602835,364961
954,0.86534095,0.13465904,358733
64,0.86534095,0.13465904,352816
569,0.86665726,0.13334271,356405
667,0.86665726,0.13334271,357084
709,0.8671179,0.13288212,357288
662,0.8689098,0.13109024,357068
899,0.8689098,0.13109024,358431
1628,0.8689098,0.13109024,363696
1323,0.87172854,0.12827149,361266
1512,0.8720641,0.12793589,362735
1453,0.87326473,0.12673527,362171
584,0.87326473,0.12673527,356565
0,0.87326473,0.12673527,352249
823,0.87326473,0.12673527,358001
1008,0.87326473,0.12673527,359220
1269,0.87326473,0.12673527,360951
1583,0.87326473,0.12673527,363276
1163,0.87326473,0.12673527,360226
1654,0.87326473,0.12673527,363863
1350,0.87326473,0.12673527,361408
1778,0.87326473,0.12673527,364640
691,0.87326473,0.12673527,357209
1531,0.87326473,0.12673527,362891
1059,0.87326473,0.12673527,359603
619,0.874381,0.12561901,356753
1015,0.87665474,0.123345256,359255
1802,0.87665474,0.123345256,364715
1462,0.87665474,0.123345256,362220
1174,0.87665474,0.123345256,360263
935,0.87665474,0.123345256,358604
211,0.87665474,0.123345256,354235
833,0.87665474,0.123345256,358037
1658,0.87665474,0.123345256,363895
1072,0.87665474,0.123345256,359648
594,0.87665474,0.123345256,356606
269,0.87665474,0.123345256,354629
390,0.87665474,0.123345256,355389
1277,0.87665474,0.123345256,360991
1355,0.87665474,0.123345256,361437
1537,0.87665474,0.123345256,362926
1477,0.87679917,0.12320083,362285
905,0.88234663,0.11765339,358444
1722,0.88234663,0.11765339,364293
1521,0.8832582,0.11674177,362855
1745,0.8832582,0.11674177,364454
1533,0.8840229,0.115977086,362914
420,0.88414764,0.11585233,355542
333,0.88414764,0.11585233,354951
1650,0.88416356,0.115836464,363776
1252,0.88594157,0.11405846,360789
1348,0.887001,0.112999044,361313
73,0.8892729,0.110727064,352872
276,0.8892729,0.110727064,354661
557,0.8904422,0.10955783,356315
1127,0.8904422,0.10955783,359960
320,0.8904422,0.10955783,354854
499,0.8904422,0.10955783,355916
1507,0.8904422,0.10955783,362724
1838,0.8904422,0.10955783,364996
1392,0.8904422,0.10955783,361707
376,0.8952899,0.104710124,355347
201,0.8952899,0.104710124,354177
251,0.8952899,0.104710124,354569
1779,0.8952899,0.104710124,364643
1456,0.8952899,0.104710124,362176
927,0.8952899,0.104710124,358568
825,0.8952899,0.104710124,358006
1270,0.8952899,0.104710124,360954
694,0.8952899,0.104710124,357222
1009,0.8952899,0.104710124,359222
585,0.8952899,0.104710124,356569
1,0.8952899,0.104710124,352253
1164,0.8952899,0.104710124,360230
1156,0.895306,0.10469404,360082
687,0.895306,0.10469404,357119
487,0.895306,0.10469404,355816
1301,0.8987349,0.10126505,361128
1215,0.8987349,0.10126505,360566
1031,0.8987349,0.10126505,359376
195,0.900707,0.09929301,354047
1221,0.9038467,0.09615334,360581
406,0.9039556,0.09604444,355431
285,0.9039556,0.09604444,354675
101,0.90514016,0.09485984,353178
527,0.9067494,0.093250595,356179
782,0.9067494,0.093250595,357695
998,0.9067494,0.093250595,359126
1621,0.9067494,0.093250595,363583
127,0.9067494,0.093250595,353396
1676,0.9067494,0.093250595,364022
966,0.9067494,0.093250595,358836
1107,0.9067494,0.093250595,359848
423,0.9067494,0.093250595,355548
865,0.9067494,0.093250595,358222
625,0.9067494,0.093250595,356773
30,0.9067494,0.093250595,352488
191,0.9067494,0.093250595,354039
334,0.9067494,0.093250595,354958
65,0.9079268,0.09207323,352819
1208,0.9079268,0.09207323,360534
2,0.90925324,0.09074676,352254
104,0.90955955,0.09044044,353201
931,0.91560245,0.08439753,358593
43,0.9167791,0.08322088,352558
577,0.91744494,0.082555026,356420
1152,0.91744494,0.082555026,360077
227,0.9233733,0.07662673,354415
724,0.9240426,0.07595739,357319
1091,0.9327517,0.06724831,359767
538,0.9327517,0.06724831,356220
1206,0.93440145,0.065598525,360521
616,0.9352807,0.06471934,356746
512,0.93850464,0.06149535,356052
1073,0.93850464,0.06149535,359650
349,0.93960625,0.06039375,355147
1204,0.93960625,0.06039375,360513
1626,0.93960625,0.06039375,363684
733,0.93960625,0.06039375,357442
139,0.93960625,0.06039375,353541
322,0.9426967,0.057303324,354911
383,0.943081,0.05691901,355378
85,0.943081,0.05691901,353045
1587,0.9482983,0.051701736,363289
615,0.9482983,0.051701736,356745
1142,0.9482983,0.051701736,360058
568,0.9482983,0.051701736,356403
324,0.9482983,0.051701736,354930
1798,0.94859564,0.05140434,364703
988,0.94859564,0.05140434,358987
1804,0.94952834,0.050471637,364718
1539,0.94952834,0.050471637,362929
531,0.9513552,0.048644807,356186
1113,0.9513552,0.048644807,359856
570,0.9544362,0.045563836,356407
1143,0.9544362,0.045563836,360062
748,0.9544362,0.045563836,357484
373,0.95685524,0.04314475,355216
1842,0.96156,0.03843998,365008
1510,0.96156,0.03843998,362733
722,0.9617769,0.038223114,357314
1289,0.9617769,0.038223114,361015
1041,0.9619519,0.038048085,359400
877,0.96285015,0.037149865,358250
306,0.96285015,0.037149865,354819
1754,0.96285015,0.037149865,364472
72,0.96285015,0.037149865,352871
1447,0.96285015,0.037149865,362149
1308,0.96285015,0.037149865,361143
1454,0.96297914,0.037020843,362174
369,0.9635085,0.03649152,355203
484,0.9635085,0.03649152,355813
578,0.9635085,0.03649152,356421
244,0.9635085,0.03649152,354453
1153,0.9635085,0.03649152,360078
291,0.9642316,0.035768416,354788
162,0.9642316,0.035768416,353833
906,0.9651019,0.03489812,358451
1635,0.9651019,0.03489812,363751
1726,0.9651019,0.03489812,364303
50,0.9651019,0.03489812,352683
473,0.9651019,0.03489812,355791
981,0.9651019,0.03489812,358974
669,0.9651019,0.03489812,357089
994,0.9658322,0.034167822,359110
1255,0.9658322,0.034167822,360814
856,0.9658322,0.034167822,358199
772,0.9658322,0.034167822,357661
24,0.9658322,0.034167822,352470
415,0.9658322,0.034167822,355525
325,0.9658322,0.034167822,354935
141,0.9663004,0.033699594,353549
1321,0.9663004,0.033699594,361262
660,0.9663004,0.033699594,357066
1627,0.9663004,0.033699594,363695
1205,0.9663004,0.033699594,360516
1483,0.9663004,0.033699594,362450
978,0.9663004,0.033699594,358960
737,0.9663004,0.033699594,357455
1403,0.9663004,0.033699594,361827
347,0.9664121,0.03358788,355134
1565,0.96781147,0.03218856,363137
1603,0.9679099,0.032090124,363439
798,0.96852595,0.031474065,357850
1275,0.9690154,0.03098456,360989
790,0.97009534,0.029904673,357712
346,0.97011757,0.029882457,355123
697,0.9703718,0.029628217,357237
1320,0.9707283,0.029271746,361261
800,0.97169775,0.028302269,357856
67,0.97215044,0.02784958,352858
455,0.97215044,0.02784958,355748
1092,0.97215044,0.02784958,359768
644,0.97215044,0.02784958,356932
297,0.97215044,0.02784958,354799
106,0.97215044,0.02784958,353209
805,0.97215044,0.02784958,357866
164,0.97215044,0.02784958,353843
539,0.97215044,0.02784958,356221
1605,0.97215044,0.02784958,363442
1673,0.97247887,0.027521107,364012
775,0.97247887,0.027521107,357671
189,0.97247887,0.027521107,354024
330,0.97247887,0.027521107,354944
1105,0.97247887,0.027521107,359837
417,0.97247887,0.027521107,355532
621,0.97247887,0.027521107,356757
1388,0.97247887,0.027521107,361692
1580,0.97258323,0.027416773,363167
1801,0.9731435,0.02685649,364709
1542,0.9731435,0.02685649,362941
1718,0.97473365,0.025266366,364261
42,0.97473365,0.025266366,352557
976,0.97473365,0.025266366,358946
34,0.9749509,0.025049096,352495
323,0.9749781,0.025021903,354928
23,0.9749781,0.025021903,352465
614,0.9749781,0.025021903,356742
853,0.9749781,0.025021903,358193
770,0.9749781,0.025021903,357656
1670,0.9749781,0.025021903,364006
120,0.9749781,0.025021903,353366
185,0.9749781,0.025021903,354013
961,0.9749781,0.025021903,358819
1102,0.9749781,0.025021903,359827
412,0.9749781,0.025021903,355521
1618,0.9749781,0.025021903,363569
1653,0.97499424,0.025005773,363862
1402,0.97617525,0.023824763,361826
1297,0.97624487,0.023755135,361117
642,0.97624487,0.023755135,356918
1518,0.97624487,0.023755135,362850
1643,0.9765925,0.023407547,363763
677,0.9765925,0.023407547,357100
54,0.9765925,0.023407547,352691
1730,0.9765925,0.023407547,364309
911,0.9765925,0.023407547,358456
478,0.9765925,0.023407547,355800
362,0.9765925,0.023407547,355188
754,0.9765925,0.023407547,357497
611,0.9778685,0.022131475,356644
1085,0.9778685,0.022131475,359681
408,0.9778685,0.022131475,355436
355,0.97820455,0.021795476,355168
292,0.978345,0.021655029,354790
847,0.978345,0.021655029,358144
448,0.978345,0.021655029,355729
799,0.978345,0.021655029,357852
1614,0.9788556,0.021144418,363477
818,0.97915155,0.020848453,357897
596,0.97988826,0.020111755,356610
89,0.97988826,0.020111755,353056
81,0.9805895,0.019410465,353032
203,0.9805895,0.019410465,354211
254,0.9805895,0.019410465,354595
1783,0.9805895,0.019410465,364670
1169,0.9805895,0.019410465,360249
3,0.9805895,0.019410465,352280
1065,0.9805895,0.019410465,359626
378,0.9805895,0.019410465,355362
699,0.9805895,0.019410465,357261
506,0.9805895,0.019410465,356034
1272,0.9807192,0.019280773,360976
214,0.98107505,0.01892495,354245
272,0.98107505,0.01892495,354642
394,0.98107505,0.01892495,355402
717,0.98107505,0.01892495,357302
14,0.98107505,0.01892495,352320
1788,0.98133606,0.01866396,364686
1732,0.98133606,0.01866396,364312
388,0.9819519,0.018048134,355386
267,0.9819519,0.018048134,354625
1752,0.9821191,0.0178809,364468
795,0.982321,0.017679004,357841
384,0.982321,0.017679004,355379
846,0.982321,0.017679004,358138
445,0.982321,0.017679004,355716
829,0.982321,0.017679004,358030
591,0.982321,0.017679004,356601
264,0.982321,0.017679004,354618
641,0.982321,0.017679004,356911
159,0.982321,0.017679004,353823
289,0.982321,0.017679004,354778
1692,0.982321,0.017679004,364148
1524,0.9824811,0.01751887,362860
9,0.982633,0.017367013,352305
209,0.982633,0.017367013,354229
86,0.982633,0.017367013,353047
510,0.982633,0.017367013,356045
265,0.982633,0.017367013,354619
1014,0.982633,0.017367013,359253
385,0.982633,0.017367013,355380
1070,0.982633,0.017367013,359642
1793,0.982633,0.017367013,364694
705,0.982633,0.017367013,357282
1144,0.98277533,0.017224679,360063
357,0.98277533,0.017224679,355178
1411,0.98277533,0.017224679,361847
670,0.98277533,0.017224679,357090
215,0.98277533,0.017224679,354246
907,0.98277533,0.017224679,358452
1782,0.98277533,0.017224679,364669
750,0.98277533,0.017224679,357488
982,0.98277533,0.017224679,358975
1046,0.98277533,0.017224679,359481
1636,0.98277533,0.017224679,363752
1328,0.98277533,0.017224679,361278
1568,0.98277533,0.017224679,363145
474,0.98277533,0.017224679,355792
232,0.98277533,0.017224679,354430
1223,0.98277533,0.017224679,360583
571,0.98277533,0.017224679,356408
51,0.98277533,0.017224679,352684
1490,0.98277533,0.017224679,362470
1554,0.98291737,0.017082604,363039
183,0.98291737,0.017082604,353890
1713,0.98291737,0.017082604,364203
1764,0.98291737,0.017082604,364496
1317,0.98291737,0.017082604,361162
117,0.98291737,0.017082604,353247
958,0.98291737,0.017082604,358742
1249,0.98291737,0.017082604,360661
894,0.98291737,0.017082604,358300
1383,0.98291737,0.017082604,361594
1474,0.98291737,0.017082604,362247
1040,0.98291737,0.017082604,359398
79,0.98291737,0.017082604,352888
321,0.98291737,0.017082604,354855
500,0.98291737,0.017082604,355917
1128,0.98291737,0.017082604,359961
822,0.98291737,0.017082604,357907
558,0.98291737,0.017082604,356316
286,0.98308885,0.016911171,354679
814,0.98323256,0.016767463,357888
1703,0.98323256,0.016767463,364186
1756,0.98323256,0.016767463,364478
1715,0.9833698,0.016630178,364251
923,0.98349464,0.016505351,358479
374,0.98349464,0.016505351,355221
1212,0.98361945,0.01638056,360559
1324,0.98372096,0.01627905,361269
1219,0.98372096,0.01627905,360576
664,0.98372096,0.01627905,357077
903,0.98372096,0.01627905,358442
889,0.9837543,0.01624575,358276
46,0.9848329,0.015167139,352658
1279,0.9851153,0.0148846805,360998
467,0.98564065,0.014359351,355773
1099,0.98564065,0.014359351,359784
74,0.98564065,0.014359351,352874
1758,0.98564065,0.014359351,364480
1378,0.98564065,0.014359351,361577
545,0.98564065,0.014359351,356248
110,0.98564065,0.014359351,353229
1529,0.98564065,0.014359351,362872
650,0.98564065,0.014359351,356953
1451,0.98564065,0.014359351,362154
1244,0.98564065,0.014359351,360651
815,0.98564065,0.014359351,357889
175,0.98564065,0.014359351,353868
882,0.98564065,0.014359351,358258
1312,0.98564065,0.014359351,361147
1709,0.9857915,0.014208487,364195
887,0.9857915,0.014208487,358269
960,0.9858141,0.014185904,358808
187,0.98615026,0.013849756,354015
855,0.98615026,0.013849756,358197
771,0.98615026,0.013849756,357658
1254,0.98615026,0.013849756,360812
1385,0.98615026,0.013849756,361685
820,0.9863243,0.01367568,357904
1615,0.9863243,0.01367568,363478
1397,0.9865842,0.013415804,361718
1200,0.9865842,0.013415804,360406
634,0.9865842,0.013415804,356789
249,0.9865842,0.013415804,354471
1687,0.9865842,0.013415804,364045
1461,0.98668355,0.013316424,362219
1354,0.98668355,0.013316424,361436
1150,0.98668414,0.013315873,360074
365,0.98668414,0.013315873,355197
1232,0.98668414,0.013315873,360596
1646,0.98668414,0.013315873,363770
576,0.98668414,0.013315873,356418
69,0.98723257,0.012767437,352865
167,0.98723257,0.012767437,353851
1586,0.988293,0.011706982,363288
1656,0.988293,0.011706982,363868
253,0.988293,0.011706982,354576
1063,0.988293,0.011706982,359610
504,0.988293,0.011706982,356018
1819,0.9885608,0.011439183,364775
884,0.9886895,0.011310517,358264
76,0.9886895,0.011310517,352877
492,0.9886895,0.011310517,355899
1120,0.9886895,0.011310517,359945
1380,0.9886895,0.011310517,361581
816,0.9886895,0.011310517,357892
313,0.9886895,0.011310517,354834
651,0.9886895,0.011310517,356957
1705,0.9886895,0.011310517,364190
1610,0.9886895,0.011310517,363465
112,0.9886895,0.011310517,353233
1246,0.9886895,0.011310517,360653
1468,0.9886895,0.011310517,362233
1761,0.9886895,0.011310517,364488
178,0.9886895,0.011310517,353875
549,0.9886895,0.011310517,356303
1038,0.9886895,0.011310517,359391
1096,0.98887527,0.01112473,359777
302,0.98887527,0.01112473,354813
1217,0.98887527,0.01112473,360572
168,0.98887527,0.01112473,353855
1607,0.98887527,0.01112473,363453
1371,0.98887527,0.01112473,361565
645,0.98887527,0.01112473,356941
1526,0.98887527,0.01112473,362866
108,0.98887527,0.01112473,353220
1699,0.98887527,0.01112473,364176
1190,0.9890372,0.010962787,360386
1438,0.98905456,0.010945439,362101
1022,0.98905456,0.010945439,359339
1582,0.98905456,0.010945439,363261
160,0.9890952,0.010904785,353825
1816,0.9891344,0.010865608,364753
430,0.9893643,0.010635679,355561
1265,0.9893643,0.010635679,360849
788,0.9893643,0.010635679,357706
632,0.9893643,0.010635679,356784
1841,0.9893643,0.010635679,365004
197,0.9893643,0.010635679,354049
1478,0.99037784,0.009622149,362287
842,0.99037784,0.009622149,358064
96,0.99037784,0.009622149,353080
1545,0.99037784,0.009622149,362953
1242,0.9907423,0.009257659,360648
1276,0.9907846,0.009215398,360990
1708,0.9911583,0.008841674,364194
315,0.9911583,0.008841674,354837
1557,0.99124986,0.008750135,363121
138,0.99124986,0.008750135,353540
732,0.99124986,0.008750135,357441
1765,0.99124986,0.008750135,364592
44,0.99124986,0.008750135,352651
348,0.99124986,0.008750135,355146
1399,0.99127245,0.0087275775,361721
1513,0.99127245,0.0087275775,362736
1831,0.99152184,0.008478145,364977
583,0.99192286,0.008077174,356484
1161,0.99192286,0.008077174,360147
1624,0.99220854,0.0077914475,363590
337,0.9939234,0.0060765888,354966
193,0.9939234,0.0060765888,354044
783,0.9939234,0.0060765888,357699
627,0.9939234,0.0060765888,356776
425,0.9939234,0.0060765888,355555
31,0.9939234,0.0060765888,352492
493,0.9948646,0.0051354286,355900
550,0.9948646,0.0051354286,356304
1121,0.9948646,0.0051354286,359946
